scene,note,width,height,filled,levels,peak_frontier,peak_occupancy,ring_capacity,threads_per_block,gpu_kernel_ms,gpu_total_ms,gpu_alloc_ms,gpu_h2d_ms,gpu_d2h_ms,gpu_mpx_s_kernel,gpu_mpx_s_total,spill_kernel_ms,spill_total_ms,spill_alloc_ms,spill_h2d_ms,spill_d2h_ms,spill_mpx_s_kernel,spilled_px,spill_pct,peak_spill_window,njit_ms,njit_mpx_s,pure_ms,speedup_kernel_vs_njit,speedup_total_vs_njit,speedup_spill_vs_njit,speedup_total_vs_pure,thread_util_pct,warp_engagement_pct,lane_efficiency_pct,occupancy_pct,sm_utilization_pct,discovery_redundancy,neighbor_check_efficiency_pct,filled_crosscheck
sq_256_center,128^2 blob,256,256,16384,129,254,506,8192,256,0.7288000051630661,2.0820100035052747,0.19792300008703023,0.4331780000939034,0.41929000144591555,22.48079018102387,7.869318577920316,0.7982919996720739,2.1515099942917004,0.23282699839910492,0.44258400157559663,0.5278249955154024,20.52381836061278,0,0.0,0,0.1249189954251051,131.15699453269292,16.238204996625427,0.17140366978613697,0.05999922921349624,0.15648283519867406,7.547352807892121,49.6124031007752,55.23255813953488,89.82456140350877,16.666666666666668,4.166666666666667,1.9844961240310077,25.0,OK
sq_512_center,256^2 blob,512,512,65536,257,510,1018,8192,256,1.964803996088449,5.217366000579204,0.9053079993464053,1.0325180046493188,0.8761419958318584,33.35498102124676,12.561127586740998,2.1827640011906624,5.847806001838762,0.6488899962278083,0.7908789993962273,1.0252089996356517,30.024317775192905,0,0.0,0,0.5903279961785302,111.0162493126622,66.37653799407417,0.3004513413825302,0.1131467480167186,0.2704497581307534,11.35067373527832,74.71121108949416,77.52918287937743,96.36527603513174,16.666666666666668,4.166666666666667,1.9922178988326849,25.0,OK
sq_1024_center,512^2 blob,1024,1024,262144,513,1022,2042,8192,256,6.707893997372594,19.018557999515906,2.239057001133915,4.676472999562975,5.697054999473039,39.07992584597771,13.783589692061437,9.330223001597915,19.5684100035578,2.3703569968347438,5.594749003648758,2.8419559967005625,28.09622020342972,0,0.0,0,2.5279460023739375,103.69841751122311,267.8932580020046,0.3768613522163745,0.13291996177829482,0.27094164865523535,13.690088155005848,87.33095760233918,88.74269005847954,98.4091845140033,16.666666666666668,4.166666666666667,1.996101364522417,25.0,OK
sq_2000_center,1000^2 blob,2000,2000,1000000,1001,1998,3994,8192,256,20.348322999780066,61.31833499966888,4.2020059991045855,7.084085998940282,17.839794003521092,49.14409900072888,16.30833583471241,20.685338000475895,49.70516500179656,4.6384779998334125,5.219187994953245,7.184177004091907,48.34342083155681,0,0.0,0,16.753229007008485,59.68998570852602,1089.7977819986409,0.8233223449023077,0.2732172849621399,0.8099084001732558,21.925242214953936,93.50727397602398,94.23076923076923,99.2322091174132,16.666666666666668,4.166666666666667,1.998001998001998,25.0,OK
sq_4000_corner,"16M px, corner seed — peak occupancy ~7999 proves the 8192 capacity math",4000,4000,16000000,7999,4000,7999,8192,256,276.64434199687093,427.0752459997311,21.131575995241292,27.31353400304215,79.59842599666445,57.83599217865433,37.46412406213324,283.8289710052777,402.1723039986682,19.680190001963638,30.087658000411466,64.82005599536933,56.37197620570765,0,0.0,0,375.84319899906404,42.57094459234806,,1.358579019856893,0.880039764700623,1.3241889919407677,,96.81210151268908,97.19964995624453,99.60128617363344,16.666666666666668,4.166666666666667,1.9995001249687578,25.0,OK
serpentine_256,worst case: ~1-wide frontier starves the block,256,256,32896,32896,1,2,8192,256,61.504256998887286,64.70443899888778,1.2908210046589375,1.1733909996110015,0.9473820027778856,0.5348572863923085,0.5084040679274796,63.153235998470336,65.16243600344751,0.4162969999015331,0.6004499955452047,0.7834200005163439,0.5208917560581818,0,0.0,0,0.31776900141267106,103.52174017527776,46.76655399816809,0.005166618002042038,0.004911085024910475,0.005031713678462461,0.7176919229307793,0.390625,12.5,3.125,16.666666666666668,4.166666666666667,1.0,25.0,OK
disk_1024,radius-480 disk,1024,1024,723749,679,1920,3836,8192,256,13.712526000745129,21.539592002227437,2.5766109974938445,1.603426004294306,2.5573780003469437,52.78013693178573,33.600868573794536,14.342472000862472,23.03922099963529,2.7760420052800328,3.476692996628117,3.012001994648017,50.461942680207294,0,0.0,0,8.179080999980215,88.48781421797274,787.7680569945369,0.5964678571647389,0.3797231163493907,0.570269964584095,34.192477992507094,95.10366807805596,95.6737849779087,99.40410332884356,16.666666666666668,4.166666666666667,1.9973471429282015,25.0,OK
sq_2600_full_center,"v1's tripwire scene (6.8M px, center seed) — the spill tier completes it",2600,2600,6760000,2601,5198,10394,8192,256,,,,,,,,144.26414600166027,192.40277200151468,7.212584001536015,10.90967700292822,10.531439002079424,46.85848970347908,304702,4.5074260355029585,1102,134.03221299813595,50.43563669350155,,,,0.9290750107555722,,97.50126153402537,97.77970011534025,99.71523886759068,16.666666666666668,4.166666666666667,1.9992310649750096,25.0,OK
sq_4000_center,16M px center seed; peak occupancy ~16000 = 2x ring capacity,4000,4000,16000000,4001,7998,15994,8192,256,,,,,,,,285.77654900436755,397.5779419997707,20.57054799661273,23.164651000115555,65.16648300021188,55.9877990539926,3810302,23.8143875,3902,424.9023529991973,37.65571051104588,,,,1.4868342223304807,,98.37560141214696,98.55661084728818,99.81633963101503,16.666666666666668,4.166666666666667,1.9995001249687578,25.0,OK
sq_5000_center,25M px center seed,5000,5000,25000000,5001,9998,19994,8192,256,,,,,,,,446.7163899971638,691.9045570029994,32.471453996549826,40.30196500389138,103.87181799887912,55.96391930047323,8714302,34.857208,5902,612.1936600029585,40.836750906370355,,,,1.3704302633866765,,98.70041616676664,98.84523095380924,99.85349340009104,16.666666666666668,4.166666666666667,1.9996000799840032,25.0,OK
sq_6000_center,"36M px center seed — host RAM is this laptop's ceiling, not the queue",6000,6000,36000000,6001,11998,23994,8192,256,,,,,,,,659.2590410000412,921.7761469990364,51.03028599842219,57.44586299988441,146.41429100447567,54.6067596515491,15618302,43.38417222222222,7902,1207.6345619934727,29.810342576295508,,,,1.8318058409355926,,98.9169773787702,99.03766038993501,99.87814432339208,16.666666666666668,4.166666666666667,1.9996667222129645,25.0,OK
