config,scene,candidates,filled,levels,ms,ms_max,ms_min,ms_stdev,n_blobs,phase_compress_ms,phase_fill_ms,phase_flatten_ms,phase_flatten_seed_ms,phase_init_ms,phase_scan_ms,phase_union_merge_ms,union_thread_ms,unions
v1,two_sq_2800,2,15680000,2800,55.70886001805775,76.27590699121356,49.34137599775568,10.679605898703368,2,,53.142528,1.555456,,0.292864,1.83808,,0.0,0
S0,two_sq_2800,2,15680000,2800,57.36184099805541,58.78892500186339,53.30647999653593,2.1842400040564156,2,1.048576,52.027392,2.29376,,0.246784,3.550208,,0.0,0
S1,two_sq_2800,15680000,15680000,1,90.26485000504181,108.77171999891289,89.19150501606055,8.27209448965772,2,3.411968,85.553152,3.05664,,0.251904,3.116032,,493118.99681292515,15679998
S4,two_sq_2800,980000,15680000,4,67.8470290149562,75.67176898010075,64.96325699845329,4.219866744261568,2,1.353728,61.37856,2.620416,,0.283648,4.072448,,141010.68694285714,979998
S16,two_sq_2800,61252,15680000,16,49.318206001771614,51.23391200322658,44.055923994164914,3.038445984016386,2,1.191936,42.730496,2.536448,,0.28672,3.92704,,40629.6255585034,61250
S64,two_sq_2800,3786,15680000,57,67.08627799525857,76.29222099785693,63.91268299194053,4.962202048724957,2,1.145856,61.37344,2.260992,,0.273408,4.24448,,15083.240691156461,3784
S256,two_sq_2800,244,15680000,184,64.70340897794813,72.36370601458475,57.83872300526127,6.225568506271678,2,1.122304,57.264128,2.735104,,0.27648,3.88608,,1622.9449442176872,242
ccl,two_sq_2800,2,15680000,2800,117.37939098384231,125.90967901633121,109.30322398780845,6.169969720660616,2,,35.510272,,12.905472,0.301056,,70.096896,0.0,15679998
v1,two_disks_r1400,500,12314954,2420,89.99840298201889,97.63418897637166,84.46622098563239,5.764869467474737,2,,88.305664,1.769472,,0.244736,1.472512,,59920.3244,498
S0,two_disks_r1400,500,12314954,2420,107.8009209886659,127.17717498890124,98.89625202049501,11.48433987450219,2,0.985088,103.171072,2.002944,,0.228352,2.914304,,52908.10187346939,498
S1,two_disks_r1400,12314954,12314954,1,69.73564001964405,71.88428900553845,68.14076899900101,1.6318573358987072,2,2.6368,62.51008,2.622464,,0.244736,2.722816,,360886.1028537415,12314952
S4,two_disks_r1400,770147,12314954,5,54.96709799626842,58.50437699700706,53.786922013387084,2.0775817286657823,2,1.222656,48.492544,2.29376,,0.247808,3.551232,,109351.12805510203,770145
S16,two_disks_r1400,48603,12314954,16,40.692312992177904,42.66003202064894,38.263184018433094,1.7753210377803534,2,1.02912,34.328576,2.113536,,0.24064,3.182592,,34245.37198843537,48601
S64,two_disks_r1400,3512,12314954,64,53.31771698547527,56.576363975182176,53.029153001261875,1.4934575964773331,2,1.072128,47.968256,2.19648,,0.222208,3.074048,,11536.729785034015,3510
S256,two_disks_r1400,690,12314954,244,49.95349101955071,51.99437102419324,48.39573099161498,1.7372031740464142,2,1.052672,44.844032,1.932288,,0.228352,3.376128,,3220.3828653061228,688
ccl,two_disks_r1400,2,12314954,2801,63.19806998362765,65.54530799621716,59.34773801709525,2.3213783375775106,2,,29.786112,,4.115456,0.231424,,30.613504,0.0,12314952
v1,asym_4000_800,2,16640000,4000,61.15376198431477,62.92811900493689,57.671081012813374,2.3424150703501723,2,,58.293248,1.593344,,0.360448,2.015232,,0.0,0
S0,asym_4000_800,2,16640000,4000,63.00659102271311,66.61175499903038,60.017080017132685,2.595626786947668,2,1.248256,56.577024,2.256896,,0.323584,4.456448,,0.0,0
S1,asym_4000_800,16640000,16640000,1,97.44377201423049,99.1538510133978,92.19643799588084,2.7728790858156334,2,3.66592,87.379968,3.43552,,0.339968,3.625984,,517987.20993401355,16639998
S4,asym_4000_800,1040000,16640000,4,72.4700010032393,76.16770401364192,68.86921799741685,3.0027526211107647,2,1.514496,64.826368,2.878464,,0.310272,4.415488,,150689.20660204082,1039998
S16,asym_4000_800,65002,16640000,16,54.12765700020827,57.70549699082039,47.79412900097668,3.795147298509711,2,1.539072,44.926976,3.067904,,0.318464,4.52096,,41468.33433265307,65000
S64,asym_4000_800,4064,16640000,57,71.1884800111875,79.49974399525672,68.05206098943017,4.379729090818768,2,1.390592,63.630336,2.828288,,0.313344,4.253696,,16198.924959863945,4062
S256,asym_4000_800,267,16640000,249,63.00520000513643,66.11547101056203,61.60397801431827,2.1652017056067123,2,1.338368,56.81664,2.7392,,0.313344,4.5824,,1798.4947027210885,265
ccl,asym_4000_800,2,16640000,4000,91.39672201126814,101.08049199334346,85.88611200684682,6.48527400617542,2,,43.326464,,7.146496,0.314368,,42.310656,0.0,16639998
v1,blob_grid_100,100,12960000,360,34.952479996718466,35.78121401369572,33.52802901645191,0.8369424272082977,100,,31.827968,1.231872,,0.19968,1.54624,,0.0,0
S0,blob_grid_100,100,12960000,360,36.72126997844316,37.40735200699419,33.17447201698087,1.7053524336545456,100,0.886784,30.396416,1.667072,,0.19456,3.0464,,0.0,0
S1,blob_grid_100,12960000,12960000,1,77.23478900152259,77.73279401590116,72.27920601144433,2.284905716163929,100,2.788352,69.36576,2.473984,,0.191488,2.676736,,419257.1331727891,12959900
S4,blob_grid_100,810000,12960000,4,56.20983600965701,57.97276899102144,51.856973994290456,2.382529531353044,100,1.071104,49.18784,2.136064,,0.190464,3.45088,,114806.16455986394,809900
S16,blob_grid_100,48500,12960000,13,40.04183001234196,42.89270599838346,38.192084000911564,1.8953479022444166,100,0.99328,33.640448,2.332672,,0.191488,3.313664,,32406.249419727894,48400
S64,blob_grid_100,3125,12960000,61,50.17682700417936,55.41257199365646,48.042254988104105,2.945328224991496,100,0.964608,44.900352,2.059264,,0.200704,3.301376,,6590.9322993197275,3025
S256,blob_grid_100,269,12960000,253,40.66470600082539,44.45611301343888,37.678519991459325,2.433113488096345,100,0.948224,33.998848,1.84832,,0.191488,3.294208,,286.67657278911565,169
ccl,blob_grid_100,100,12960000,360,59.05331298708916,62.553222000133246,52.92278400156647,3.9662453476386905,100,,20.315136,,3.985408,0.196608,,35.704832,0.0,12959900
v1,random_4000,1154024,4802736,23,24.827916990034282,26.01890900405124,22.456934995716438,1.4086847790639678,755577,,20.08064,2.096128,,0.228352,2.332672,,12132.564882993198,398447
S0,random_4000,1154024,4802736,23,33.30647898837924,35.45259198290296,30.569316004402936,1.8485531011593983,755577,1.314816,25.141248,3.024896,,0.21504,4.482048,,7570.337075510204,398447
S1,random_4000,4802736,4802736,1,33.8086890114937,35.81127797951922,31.283290998544544,1.7413535555459319,755577,2.243584,25.519104,3.403776,,0.216064,3.253248,,42445.7546340136,4047159
S4,random_4000,1381695,4802736,19,37.92588197393343,38.844555005198345,35.249212000053376,1.3714133574467409,755577,1.499136,28.827648,3.44064,,0.218112,4.770816,,14473.8261,626118
S16,random_4000,1168215,4802736,23,36.49847599444911,40.16851101187058,30.69989799405448,3.5324656238270356,755577,1.378304,26.663936,3.15904,,0.214016,5.479424,,8161.634378911564,412638
S64,random_4000,1154906,4802736,23,34.58598698489368,37.84585700486787,33.26985501917079,1.9153288226881455,755577,1.32096,26.729472,3.407872,,0.216064,4.424704,,8193.49676122449,399329
S256,random_4000,1154064,4802736,23,33.191592985531315,37.51287597697228,30.556515004718676,2.563589475411643,755577,1.369088,23.846912,3.154944,,0.214016,4.819968,,7661.89053537415,398487
ccl,random_4000,755577,4802736,85,27.571091981371865,29.256812995299697,25.952625001082197,1.362415089501829,755577,,17.714176,,2.512896,0.217088,,7.845888,0.0,4047159
v1,comb_2000,2000,4831992,2408,67.91854399489239,96.88240999821573,45.03997598658316,20.95414168426908,1,,23.942144,47.566848,,0.132096,1.056768,,19118.78382517007,1999
S0,comb_2000,2000,4831992,2408,25.906014983775094,30.842011998174712,23.312570003326982,3.2236594895433788,1,0.700416,22.834176,1.360896,,0.125952,2.080768,,18156.95653945578,1999
S1,comb_2000,4831992,4831992,1,26.287166983820498,27.788282022811472,23.709141998551786,1.6510947744173707,1,1.114112,21.388288,1.845248,,0.130048,2.031616,,26918.42218095238,4831991
S4,comb_2000,3998,4831992,1202,12.996522011235356,14.057701017009094,12.341913999989629,0.7525833074385774,1,0.717824,8.167424,1.437696,,0.140288,2.296832,,339.5642163265306,3997
S16,comb_2000,2000,4831992,2408,27.757709991419688,30.087067978456616,22.68188598100096,2.976691818066397,1,0.705536,23.22432,1.434624,,0.140288,2.265088,,20083.37704217687,1999
S64,comb_2000,2000,4831992,2408,24.440129986032844,28.816216014092788,23.385870008496568,2.140430542078865,1,0.709632,20.03968,1.431552,,0.140288,2.255872,,14230.289134693878,1999
S256,comb_2000,2000,4831992,2408,26.567338005406782,28.566542983753607,23.211845982586965,1.9951491237424677,1,0.695296,22.801408,1.352704,,0.124928,2.223104,,18341.613576190477,1999
ccl,comb_2000,1,4831992,8797,85.08307300508022,89.6324239729438,76.80050900671631,5.713960969844889,1,,83.204096,,2.476032,0.132096,,2.628608,0.0,4831991
v1,serpentine_256,65,32896,257,1.8831180059351027,1.8983689951710403,1.8425479938741773,0.02532679626971677,1,,1.73568,0.009216,,0.002048,0.009216,,1.5054380952380952,64
S0,serpentine_256,65,32896,257,1.722549000987783,1.751604984747246,1.6997969942167401,0.020930213288100172,1,0.006144,1.593344,0.008192,,0.002048,0.01536,,1.7237380952380952,64
S1,serpentine_256,32896,32896,1,0.5309100088197738,0.7144550036173314,0.5173730023670942,0.08224865140166819,1,0.063488,0.249856,0.008192,,0.002048,0.011264,,418.90008843537413,32895
S4,serpentine_256,4160,32896,130,1.1072370107285678,1.637233013752848,1.0436149896122515,0.24441979702470668,1,0.011264,0.887808,0.008192,,0.002048,0.018432,,24.892778231292517,4159
S16,serpentine_256,320,32896,257,1.7269369855057448,1.7538859974592924,1.7212829843629152,0.013461609481341508,1,0.008192,1.616896,0.008192,,0.002048,0.016384,,2.5498462585034014,319
S64,serpentine_256,80,32896,257,1.7791179998312145,2.1296030026860535,1.7376269970554858,0.15979703433927178,1,0.008192,1.68448,0.008192,,0.002048,0.016384,,2.7564904761904763,79
S256,serpentine_256,65,32896,257,1.736510981572792,1.8372999911662191,1.7015199991874397,0.055435711786544405,1,0.008192,1.60768,0.008192,,0.002048,0.016384,,3.3965503401360544,64
ccl,serpentine_256,1,32896,32641,174.14359701797366,176.4005949953571,172.0194349763915,1.5513048475814284,1,,187.109376,,0.113664,0.002048,,0.211968,0.0,32895
