scene,note,width,height,v2_kernel_ms,v2_total_ms,split_kernel_ms,split_total_ms,split_mpx_s_kernel,split_balance_pct,split_speedup_vs_v2,split_sm_ids,split_inbox_to_b0,split_inbox_to_b1,split_spilled_b0,split_spilled_b1,filled,levels,peak_frontier,split_bare_kernel_ms,split_instrumentation_overhead_pct,global_kernel_ms,global_total_ms,global_mpx_s_kernel,global_balance_pct,global_speedup_vs_v2,global_sm_ids,global_bare_kernel_ms,global_instrumentation_overhead_pct,dirsplit_kernel_ms,dirsplit_total_ms,dirsplit_mpx_s_kernel,dirsplit_balance_pct,dirsplit_speedup_vs_v2,dirsplit_sm_ids,dirsplit_bare_kernel_ms,dirsplit_instrumentation_overhead_pct,njit_ms,njit_mpx_s,split_speedup_vs_njit,global_speedup_vs_njit,dirsplit_speedup_vs_njit,speedup_v2_vs_njit,filled_crosscheck
sq_256_center,small: per-level barrier overhead dominates,256,256,0.7610800003021723,2.177214999392163,1.0827280002558837,2.413608000097156,15.132147682638605,100.0,0.70292815935517,"[0, 2]",39,0,0,0,16384,129,254,0.9957749998648069,8.732193558071062,1.0347850002290215,2.558027000304719,15.833240717998276,0.0,0.7354957794457089,"[0, 2]",1.0268310006722459,0.7746162271657503,1.0488549996807706,2.5412479999431525,15.620843686674167,97.37381038429105,0.7256293773055518,"[0, 2]",1.018412000121316,2.9892616697199337,0.13409900020633359,122.17839040403355,0.12385289765725246,0.12959117128355593,0.12785275395278464,0.17619566951318144,OK
sq_1024_center,medium,1024,1024,7.352980000177922,19.22624100006942,5.913669000619848,16.969483999673685,44.32848709870692,100.0,1.2433871424672587,"[0, 2]",127,0,0,0,262144,513,1022,5.62891200024751,5.058828426520375,4.295216999707918,14.921624000635347,61.0316079531782,59.998046898841565,1.7118995386444822,"[0, 2]",4.177251000328397,2.8240103209083505,4.36425599946233,14.646149000327569,60.066137282573656,80.24326349878643,1.684818672663519,"[0, 2]",4.1726439994818065,4.592100356616074,5.263746999844443,49.80178568759992,0.8900983466089695,1.2254903536194763,1.2061040874992048,0.7158658121900338,OK
sq_2000_center,1M px,2000,2000,19.22838199971011,55.570503999661014,12.56315699993138,38.341348000358266,79.59782720262606,100.0,1.5305374277990107,"[0, 2]",174,0,0,0,1000000,1001,1998,11.977770000157761,4.887278681807282,11.852233999888995,38.74736000034318,84.3722795221024,76.91287041132243,1.6223424208373036,"[0, 2]",12.067363999449299,-1.782742275530278,12.486611999520392,38.09919600007561,80.08577507160547,81.78876509073986,1.5399198758196913,"[0, 2]",12.423464000676177,0.5082962275318559,21.81962700069562,45.83029764753172,1.7367948996271239,1.8409716683707034,1.747441740124039,1.1347614688029692,OK
sq_4000_corner,"16M px, corner seed",4000,4000,256.67558799977996,381.85882000016136,208.49283899951843,320.97269499990944,76.74124481578457,100.0,1.2311002585579107,"[0, 2]",0,3884,0,0,16000000,7999,4000,204.21023800008697,2.09715293482476,139.32796599965513,247.21882900030323,114.83695958096169,87.80048076923077,1.8422402577843942,"[0, 2]",138.51340400015033,0.5880744938619223,186.04418999984773,294.4117879997066,86.00107318596241,43.598083324582824,1.3796485017886881,"[0, 2]",185.44237599962798,0.3245288445942659,357.8516090001358,44.71127025166996,1.7163736208751148,2.5684119224206685,1.9234764009584426,1.3941785885786793,OK
serpentine_256,seam-parallel snake: worst case for every parallel design,256,256,77.02986799995415,79.43649899971206,125.57494199973007,128.47017100011726,0.261963091331316,100.0,0.61341750808947,"[0, 2]",0,1,0,0,32896,32896,1,118.70313899999019,5.789065948576518,121.77981400054705,124.40214399975957,0.2701268701219418,0.0,0.6325339600174469,"[0, 2]",118.96635499942931,2.364919897841059,134.29635900047288,137.3131469999862,0.2449507957239866,98.45559845559846,0.5735812092990765,"[0, 2]",131.0573969994948,2.471407242271528,0.36578999970515724,89.93138146618446,0.0029129219084643777,0.0030036997732934135,0.002723752173384457,0.00474867748319879,OK
seam_serpentine_256,seam-crossing snake: the split kernel's anti-pattern,256,256,57.48456099991017,59.89738399966882,125.54007800008549,128.0444299991359,0.2620358416535124,100.0,0.4578980825539317,"[0, 2]",64,64,0,0,32896,32896,1,118.7493320003341,5.718555115520375,121.6422280003826,124.10122800065437,0.27043240279926917,0.0,0.47257076711657536,"[0, 2]",118.28266200063808,2.840286093431339,134.0969809998569,136.3226270004816,0.24531499333333318,98.46757164404224,0.4286790095592944,"[0, 2]",131.40602499970555,2.0478178227804817,0.29759299923171056,110.54023476670115,0.0023705019462510442,0.0024464612669769133,0.0022192371298204554,0.005176920447077531,OK
offcenter_2000,blob entirely in one half: split's 0% balance vs dirsplit's ~50/50,2000,2000,15.332187000240083,34.52141900015704,17.284112000197638,33.93569200034108,46.86384813930492,0.0,0.8870682508921931,"[0, 2]",0,0,0,0,810000,901,1798,16.78941600039252,2.94647532584547,10.201977000178886,27.758119000282022,79.39637581870623,75.00270065896079,1.502864297770054,"[0, 2]",10.186882999732916,0.1481709414583991,10.334857999623637,28.797979999581003,78.37553259362612,82.77781664000217,1.4835411382331942,"[0, 2]",10.518753999349428,-1.7482679007149076,20.484290000240435,39.542498177407786,1.1851514269293213,2.0078745521462413,1.982058195766832,1.3360318394185824,OK
sq_2600_full_center,v1's tripwire scene: two split rings absorb it with zero spill,2600,2600,111.8508039999142,154.59086000009847,65.08243000007496,108.29805699995632,103.8682790423193,100.0,1.7186021480726115,"[0, 2]",215,0,0,0,6760000,2601,5198,63.336901999718975,2.7559415526255675,59.396265000032145,109.48231099973782,113.81187015709392,90.71048117721405,1.8831285771900586,"[0, 2]",59.326209000573726,0.1180860881532827,64.13352400068106,114.14551100006065,105.40509203779622,84.0588182280309,1.7440302204308376,"[0, 2]",64.0599509997628,0.11485022977699645,130.79592900066928,51.68356577799458,2.009696457254571,2.2020901314350065,2.039431499184113,1.169378532145103,OK
sq_4600_full_center,21M px: both split halves must spill,4600,4600,344.7286790005819,530.4365490001146,186.73264999961248,332.21637299993745,113.31708729054031,100.0,1.8461082140766347,"[0, 2]",197,0,127008,127008,21160000,4601,9198,183.12326800059964,1.9710122249462152,168.63071599982504,304.49468400001933,125.48129132074583,94.57682391404339,2.0442816538888415,"[0, 2]",167.5198389993966,0.663131607016675,182.72230200000195,323.90491900059715,115.80414524330902,85.89408289294768,1.8866261820660415,"[0, 2]",183.0714400002762,-0.19071134212618032,520.0691760001064,40.68689508334882,2.7851003881816365,3.084071445208392,2.846227145278089,1.5086333330544526,OK
sq_5000_center,25M px,5000,5000,408.3268530002897,629.6883879995221,220.70613100004266,395.1926480003749,113.27279349568757,100.0,1.8500929319458315,"[0, 2]",205,0,408608,408608,25000000,5001,9998,217.07481700013886,1.672839830104048,198.25853600013943,360.92260199984594,126.09797542327468,95.00046878112695,2.059567578971745,"[0, 2]",197.99083199995948,0.1352103011416214,215.34994499961613,378.62372800009325,116.09011555607577,85.94709998390442,1.896108461978096,"[0, 2]",215.73622599953524,-0.17905245080162882,625.2368690002186,39.98484612715834,2.832893069926081,3.153644133636591,2.903352814886176,1.5312166329648051,OK
sq_6000_center,36M px — host RAM is this laptop's ceiling,6000,6000,589.7662610004772,905.2970030006691,314.331286000197,550.9892150002997,114.52884775834066,100.0,1.8762569533091518,"[0, 2]",181,0,1812608,1812608,36000000,6001,11998,310.0867009998183,1.3688381303334927,280.2642670003479,519.9411179992239,128.45019590012632,95.83199877452687,2.104321993355454,"[0, 2]",279.0906330001235,0.42052074181360694,304.6875590007403,600.2414839995254,118.15382327413155,86.28858088256906,1.9356427382026593,"[0, 2]",304.8310730000594,-0.04707984586567508,1015.2038759997595,35.46085751942945,3.229725837723717,3.62230935418713,3.3319505375580265,1.7213664855591628,OK
