scene,note,width,height,filled,levels,peak_frontier,v2_kernel_ms,dual_global_kernel_ms,multi_kernel_ms,multi_total_ms,multi_blocks,multi_tpb,multi_mpx_s_kernel,multi_speedup_vs_v2,multi_speedup_vs_dual,multi_distinct_sms,multi_balance_cv_pct,multi_balance_min_max_pct,multi_thread_util_pct,multi_grid_occupancy_pct,multi_model_bytes,multi_model_gb_s,multi_pct_of_peak,multi_bare_kernel_ms,multi_instrumentation_overhead_pct,njit_ms,njit_mpx_s,multi_speedup_vs_njit,speedup_v2_vs_njit,filled_crosscheck
sq_256_center,small: per-level barrier overhead dominates,256,256,16384,129,254,0.9627960025682114,1.2654829988605343,1.3666650011145975,4.207933001453057,48,256,11.988307293036598,0.7044857384823591,0.9259642983675274,24,685.5654600401045,0.0,1.0335917312661498,33.333333333333336,735228,0.5875267190874641,0.3051928796274936,1.2650280004891101,8.0343676650786,0.11798500054283068,138.86510933270975,0.086330593412875,0.12254413211948474,OK
sq_1024_center,medium,1024,1024,262144,513,1022,11.006364002241753,6.854499002656667,4.170084001088981,20.67195699783042,48,256,62.863002263633874,2.639362660168845,1.64373163726838,24,384.0608631947685,0.0,4.158544509421702,33.333333333333336,11788284,2.926930062942635,1.5204044094627176,3.9779840008122846,4.82907925817374,5.843778999405913,44.858643700702906,1.4013576220238877,0.5309454601188607,OK
sq_2000_center,1M px,2000,2000,1000000,1001,1998,27.86211199781974,15.085382998222485,8.490467000228819,47.38215599718387,48,256,117.77915160297425,3.2815759129702586,1.7767436111365762,24,267.55148278624813,0.0,8.129890942390942,33.333333333333336,44983996,4.9259180588862925,2.5587859553614263,13.30572100050631,-36.18935043124879,29.792631001328118,33.565347080471724,3.508950803356895,1.0692883225671996,OK
sq_4000_corner,"16M px, corner seed",4000,4000,16000000,7999,4000,278.02139799678116,148.92598100050236,59.983464001561515,194.79936199786607,48,256,266.7401802534025,4.634967363497773,2.48278393853055,24,175.8361226870065,0.0,16.278076426219943,33.333333333333336,719935996,12.271762987712593,6.374611677479388,55.51614100113511,8.046890363534207,311.6833439999027,51.33415149705591,5.196154460032332,1.121076817272573,OK
disk_2001_r950,2.8M px disk,2001,2001,2835253,1344,3800,71.29039299979922,29.600874997413484,10.842313000466675,32.93750699958764,48,256,261.4989070946361,6.575201527269204,2.730125481171721,24,175.79824376133263,0.0,17.167669629293776,33.333333333333336,127555965,12.164293823736145,6.318786431478535,9.946243997546844,9.009119453945008,38.39523399801692,73.84387864771024,3.541240139107247,0.5385751485214151,OK
disk_4001_r1900,11.3M px disk,4001,4001,11340981,2688,7600,186.39662599889562,97.15395600142074,26.75427500071237,164.09830900011002,48,256,423.89416269728974,6.966984752677191,3.6313432525767895,24,102.31056819371283,0.0,34.33524540492466,33.333333333333336,510283325,18.870887366858227,9.802550708779224,25.158246000501094,6.343959750530641,277.3409069995978,40.89184362556529,10.366227714718983,1.4879073347671057,OK
serpentine_256,"32,896 one-pixel levels: the barrier-cost meter",256,256,32896,32896,1,70.8453749975888,147.51792300012312,145.13539000108722,147.96553700216464,48,256,0.2266573300953928,0.48813301150779353,1.01641593410827,24,685.5654600401044,0.0,0.008138020833333334,33.333333333333336,1217140,0.00841272275664017,0.004370019269242017,142.41203799974755,1.9123046335061158,0.3101210022578016,106.0747248993274,0.0021367703787165794,0.004377434691655686,OK
sq_4600_full_center,21M px,4600,4600,21160000,4601,9198,355.6930300001113,188.549176997185,49.72283900133334,223.76110799814342,48,256,425.5589669655143,7.153514102253358,3.792003449202266,24,88.34732232044706,0.0,37.42675958125045,33.333333333333336,952126396,19.248608138506032,9.998759130029171,44.76182299913489,11.08314110060783,519.5703799981857,40.725955163329154,10.449330537708299,1.4607269082501366,OK
sq_5000_center,25M px,5000,5000,25000000,5001,9998,432.1478530000604,213.57006800099043,54.633372001262615,248.6056820016529,48,256,457.5957713066335,7.909961204482732,3.909150399796935,24,79.88318820679386,0.0,40.68196777311204,33.333333333333336,1124919996,20.642329201254377,10.722732577906248,57.73939099890413,-5.379376096468465,674.503015998198,37.06432648488972,12.345989114173838,1.5608153813924042,OK
sq_6000_center,36M px — the dual stage's largest,6000,6000,36000000,6001,11998,592.5360569999611,294.10899600043194,74.92222699875128,359.21201599921915,48,256,480.4982638943715,7.9086818523138245,3.925523943720117,24,60.42996434664094,0.0,48.81998833527745,33.333333333333336,1619903996,21.619893894112487,11.230532093984287,69.61174000025494,7.628723256273863,1011.9615449984849,35.57447432456922,13.506826819434385,1.7078480423994709,OK
sq_8000_center,"64M px stretch: guarded — host RAM, not the GPU, is the ceiling",8000,8000,64000000,8001,15998,1041.9229959989025,510.76999900033115,132.19497200043406,659.2252949994872,48,256,484.13339048772485,7.881714260626201,3.863762677741284,24,42.00770913631137,19.73682625473323,61.59230299663063,33.333333333333336,2879871996,21.93176635902165,11.392535374090398,149.83975699942675,-11.775769897344532,2026.0327740033972,31.58882759509234,15.326095564336175,1.9445129647618713,OK
