scene,connectivity,tpb,blocks,is_coop_max,kernel_ms,mpx_s,model_gb_s,pct_of_peak,balance_cv_pct,distinct_sms,thread_util_pct,grid_occupancy_pct,skipped
sq_4000_corner,4,32,1,False,1561.6081490006763,10.245848172756347,0.4610221818198825,0.24435438982654914,0.0,1,99.61245155644455,0.08680555555555555,
sq_4000_corner,4,32,2,False,768.306890000531,20.82501173455433,0.9370422228017536,0.4966580559976019,0.8,2,99.21240155019377,0.1736111111111111,
sq_4000_corner,4,32,4,False,387.0446860019001,41.338895943197244,1.8600849515253792,0.9858959965034989,1.7831438304298395,4,98.41230153769222,0.3472222222222222,
sq_4000_corner,4,32,8,False,210.5362279980909,75.99642186115865,3.4195349790655896,1.8124472449496303,3.680389544599865,8,96.81210151268908,0.6944444444444444,
sq_4000_corner,4,32,16,False,119.20471299890778,134.2228809371539,6.039492717092457,3.2010966412101793,7.4666883047305515,16,93.61170146268283,1.3888888888888888,
sq_4000_corner,4,32,32,False,75.7004990009591,211.3592408393145,9.510320347965985,5.040730397198472,15.035395380235267,24,87.21090136267033,2.7777777777777777,
sq_4000_corner,4,32,48,False,61.765008002112154,259.04635193203336,11.656049586772184,6.178025693515301,22.67712009934242,24,80.81010126265784,4.166666666666667,
sq_4000_corner,4,32,96,False,52.7359539992176,303.39832290200684,13.65171086144912,7.235780856508036,42.016244690833574,24,61.60770096262033,8.333333333333334,
sq_4000_corner,4,32,128,False,50.193676997878356,318.76525006678247,14.34316111231363,7.602268437384184,60.441003300739474,24,48.83422927865983,11.11111111111111,
sq_4000_corner,4,32,192,False,52.73302599744056,303.4151690968118,13.65246887282635,7.236182623309872,102.37027068441307,24,32.55615285243989,16.666666666666668,
sq_4000_corner,4,32,384,True,69.88606200320646,228.9440775653649,10.30156765689514,5.460113153603068,175.95267727431713,24,16.278076426219943,33.333333333333336,
sq_4000_corner,4,64,1,False,767.090821002057,20.85802562348363,0.9385277157397629,0.4974454079619391,0.0,1,99.21240155019377,0.1736111111111111,
sq_4000_corner,4,64,2,False,403.50445000149193,39.65259862670868,1.7842083178942343,0.9456793014198883,1.5936,2,98.41230153769222,0.3472222222222222,
sq_4000_corner,4,64,4,False,217.13934900253662,73.68540098097598,3.315548284118645,1.7573314470642971,3.5923274683692186,4,96.81210151268908,0.6944444444444444,
sq_4000_corner,4,64,8,False,120.34848800249165,132.94724566600905,5.982094232750931,3.170673871609645,7.4236220593454245,8,93.61170146268283,1.3888888888888888,
sq_4000_corner,4,64,16,False,79.15862400113838,202.12579743389557,9.094852330804116,4.820520962968477,15.014000335686688,16,87.21090136267033,2.7777777777777777,
sq_4000_corner,4,64,32,False,56.26958500215551,284.3454416695465,12.794407422276555,6.7813865409281,30.160200147877003,24,74.40930116264533,5.555555555555555,
sq_4000_corner,4,64,48,False,51.950974000646966,307.9826761246237,13.8579884179079,7.345113614086911,42.00770404009246,24,61.60770096262033,8.333333333333334,
sq_4000_corner,4,64,96,False,53.79810600061319,297.40823961010136,13.38218107514406,7.092922683800016,102.3654883843183,24,32.55615285243989,16.666666666666668,
sq_4000_corner,4,64,128,False,54.71458499960136,292.42659886969034,13.158027169633936,6.9741149713555775,131.5481823625093,24,24.417114639329917,22.22222222222222,
sq_4000_corner,4,64,192,True,58.529832000203896,273.3648714375989,12.300325686864984,6.519509681761906,175.94711257738788,24,16.278076426219943,33.333333333333336,
sq_4000_corner,4,128,1,False,408.7138380018587,39.14719422817105,1.7614671417039862,0.9336258548590953,0.0,1,98.41230153769222,0.3472222222222222,
sq_4000_corner,4,128,2,False,226.79301199968904,70.5489109162761,3.174418777951532,1.6825289414020848,3.2192,2,96.81210151268908,0.6944444444444444,
sq_4000_corner,4,128,4,False,128.8316370009852,124.19309707193773,5.588192564800636,2.961895193447779,7.250143612370723,4,93.61170146268283,1.3888888888888888,
sq_4000_corner,4,128,8,False,79.41860900245956,201.4641178052424,9.06507939439866,4.804740490801213,14.928717153191696,8,87.21090136267033,2.7777777777777777,
sq_4000_corner,4,128,16,False,58.62182499913615,272.93589034861634,12.281023253892368,6.50927886333887,30.11756972931249,16,74.40930116264533,5.555555555555555,
sq_4000_corner,4,128,32,False,50.69139900297159,315.6353999829845,14.202330378725522,7.5276242893761545,60.414074206595274,24,48.83422927865983,11.11111111111111,
sq_4000_corner,4,128,48,False,50.59033999714302,316.2659116523741,14.230700881643747,7.542661433364085,102.34642418453124,24,32.55615285243989,16.666666666666668,
sq_4000_corner,4,128,96,True,60.90846900042379,262.68924933720916,11.81996539750475,6.264905565013826,175.92493025924446,24,16.278076426219943,33.333333333333336,
sq_4000_corner,4,128,128,,,,,,,,,,exceeds coop max (96)
sq_4000_corner,4,128,192,,,,,,,,,,exceeds coop max (96)
sq_4000_corner,4,256,1,False,253.22809800127288,63.18414159521734,2.843033619422364,1.5068857263829742,0.0,1,96.81210151268908,0.6944444444444444,
sq_4000_corner,4,256,2,False,148.38376899933792,107.82850515187675,4.851851390856721,2.5716141931866536,6.496,2,93.61170146268283,1.3888888888888888,
sq_4000_corner,4,256,4,False,91.69069100244087,174.49972101937882,7.851789403363039,4.161663547579427,14.577153148677557,4,87.21090136267033,2.7777777777777777,
sq_4000_corner,4,256,8,False,64.15807499797666,249.3840409099648,11.221284242438767,5.94758814707675,29.944641147290444,8,74.40930116264533,5.555555555555555,
sq_4000_corner,4,256,16,False,54.10067199773039,295.7449401122268,13.307339251353522,7.053254466288981,60.32783227665321,16,48.83422927865983,11.11111111111111,
sq_4000_corner,4,256,32,False,56.08726500213379,285.2697488349859,12.835997547261588,6.803430446870784,131.4492095617163,24,24.417114639329917,22.22222222222222,
sq_4000_corner,4,256,48,True,57.957600001827814,276.0638811733993,12.421770328262305,6.583878669668741,175.8361226870065,24,16.278076426219943,33.333333333333336,
sq_4000_corner,4,256,96,,,,,,,,,,exceeds coop max (48)
sq_4000_corner,4,256,128,,,,,,,,,,exceeds coop max (48)
sq_4000_corner,4,256,192,,,,,,,,,,exceeds coop max (48)
sq_4000_corner,4,512,1,False,187.81582900192006,85.18983775236767,3.833201918208076,2.031702058474135,0.0,1,93.61170146268283,1.3888888888888888,
sq_4000_corner,4,512,2,False,119.69798199788784,133.66975560442054,6.0146042897590695,3.187905092702068,13.0496,2,87.21090136267033,2.7777777777777777,
sq_4000_corner,4,512,4,False,81.64409199889633,195.9725389586829,8.81798031399176,4.673771206891312,29.23137978542922,4,74.40930116264533,5.555555555555555,
sq_4000_corner,4,512,8,False,64.22261099942261,249.13343993665794,11.2100082011065,5.941611536171548,59.97687976945783,8,48.83422927865983,11.11111111111111,
sq_4000_corner,4,512,16,False,67.407810001896,237.3612197095554,10.680305382710849,5.660854526893756,131.12761804349228,16,24.417114639329917,22.22222222222222,
sq_4000_corner,4,512,32,,,,,,,,,,exceeds coop max (24)
sq_4000_corner,4,512,48,,,,,,,,,,exceeds coop max (24)
sq_4000_corner,4,512,96,,,,,,,,,,exceeds coop max (24)
sq_4000_corner,4,512,128,,,,,,,,,,exceeds coop max (24)
sq_4000_corner,4,512,192,,,,,,,,,,exceeds coop max (24)
sq_4000_corner,4,512,24,True,66.27603600281873,241.41455894132713,10.862689433770315,5.757523071853576,175.47557756177926,24,16.278076426219943,33.333333333333336,
disk_4001_r1900,4,32,1,False,1133.021863999602,10.009498810522498,0.4503737670151256,0.23871043817987342,0.0,1,99.82445126488095,0.08680555555555555,
disk_4001_r1900,4,32,2,False,549.5304319993011,20.637584999140543,0.9285806486521369,0.49217318982448255,0.380540272486128,2,99.6611095610119,0.1736111111111111,
disk_4001_r1900,4,32,4,False,269.3606479988375,42.103332778026825,1.8944241810786044,1.0040967291699163,0.8459626869880292,4,99.3562244233631,0.3472222222222222,
disk_4001_r1900,4,32,8,False,135.68420599767705,83.58364863920978,3.760815942046609,1.9933355075044792,1.7429671105530347,8,98.75735328311012,0.6944444444444444,
disk_4001_r1900,4,32,16,False,72.54194800043479,156.33686870294724,7.034320680179992,3.7283827230708066,3.525626010119502,16,97.54180908203125,1.3888888888888888,
disk_4001_r1900,4,32,32,False,43.58143200079212,260.2250655690678,11.708732402155242,6.205949029343645,6.956251554480731,24,95.04805065336681,2.7777777777777777,
disk_4001_r1900,4,32,48,False,34.181568000349216,331.7864470080523,14.928610793828613,7.912572811755116,10.632914959229023,24,92.47758653428819,4.166666666666667,
disk_4001_r1900,4,32,96,False,26.601382000080775,426.33051921759414,19.18258701741325,10.167296782622069,21.06914583694991,24,84.29847596183656,8.333333333333334,
disk_4001_r1900,4,32,128,False,25.406133998330915,446.3875141627238,20.085044227253295,10.645623834011516,29.86506999008745,24,78.43959445045108,11.11111111111111,
disk_4001_r1900,4,32,192,False,25.214609002432553,449.7781821207654,20.237606101715514,10.726485808153088,38.19763410266798,24,65.64285641624814,16.666666666666668,
disk_4001_r1900,4,32,384,True,29.642200999660417,382.5957795822896,17.214758276750295,9.12429362535597,102.33519161455858,24,34.33524540492466,33.333333333333336,
disk_4001_r1900,4,64,1,False,555.5157939998026,20.415226934131113,0.9185757282000543,0.4868703078184992,0.0,1,99.6611095610119,0.1736111111111111,
disk_4001_r1900,4,64,2,False,277.0854589980445,40.92954224667574,1.8416099020324315,0.9761037139976035,0.7555342875541367,2,99.3562244233631,0.3472222222222222,
disk_4001_r1900,4,64,4,False,138.79707500018412,81.70907780286403,3.6764703074565737,1.9486300098353164,1.7009089822773982,4,98.75735328311012,0.6944444444444444,
disk_4001_r1900,4,64,8,False,76.56058700013091,148.13079998956394,6.665091596007845,3.5326811904179816,3.5050152355966446,8,97.54180908203125,1.3888888888888888,
disk_4001_r1900,4,64,16,False,45.33879200243973,250.13857888824495,11.254894593851136,5.965402554354954,6.945780360893029,16,95.04805065336681,2.7777777777777777,
disk_4001_r1900,4,64,32,False,31.950833999871975,354.95101630353196,15.97089218397381,8.465010510329892,14.492494984354144,24,89.83003525506882,5.555555555555555,
disk_4001_r1900,4,64,48,False,26.06517700041877,435.10086272645657,19.57720544125987,10.37645536105036,21.065544390425565,24,84.29847596183656,8.333333333333334,
disk_4001_r1900,4,64,96,False,24.463156001729658,463.59435386007186,20.859259735903272,11.055979269543096,38.195463216190305,24,65.64285641624814,16.666666666666668,
disk_4001_r1900,4,64,128,False,23.77073200113955,477.09851759955575,21.46687468335167,11.378031842256943,60.40004843811488,24,51.502868107386995,22.22222222222222,
disk_4001_r1900,4,64,192,True,25.97989899732056,436.5290643035084,19.64146685299385,10.410515670234755,102.33400596570984,24,34.33524540492466,33.333333333333336,
disk_4001_r1900,4,128,1,False,285.70651699919836,39.69451281376203,1.7860402008310918,0.9466502495757938,0.0,1,99.3562244233631,0.3472222222222222,
disk_4001_r1900,4,128,2,False,148.07153600122547,76.5912295250732,3.4461945812176675,1.8265775646474245,1.5238628827612002,2,98.75735328311012,0.6944444444444444,
disk_4001_r1900,4,128,4,False,81.76632899994729,138.69989198129846,6.240751312197578,3.307769211736242,3.4225752420978433,4,97.54180908203125,1.3888888888888888,
disk_4001_r1900,4,128,8,False,47.9055440009688,236.73629506786625,10.651863696395568,5.645779653754736,6.904391267384679,8,95.04805065336681,2.7777777777777777,
disk_4001_r1900,4,128,16,False,33.02117099883617,343.44575485829114,15.453217119949652,8.190628540467399,14.472464810433202,16,89.83003525506882,5.555555555555555,
disk_4001_r1900,4,128,32,False,25.14953599893488,450.9419577554158,20.28996976411856,10.754239984156225,29.852555611329993,24,78.43959445045108,11.11111111111111,
disk_4001_r1900,4,128,48,False,24.887632000172744,455.6874273904919,20.50349044844677,10.867411797990448,38.186960808054764,24,65.64285641624814,16.666666666666668,
disk_4001_r1900,4,128,96,True,25.99896600077045,436.208924603537,19.627062283356896,10.402880853596523,102.3293490954907,24,34.33524540492466,33.333333333333336,
disk_4001_r1900,4,128,128,,,,,,,,,,exceeds coop max (96)
disk_4001_r1900,4,128,192,,,,,,,,,,exceeds coop max (96)
disk_4001_r1900,4,256,1,False,176.34403899864992,64.31167769774642,2.893680602404183,1.5337300152504307,0.0,1,98.75735328311012,0.6944444444444444,
disk_4001_r1900,4,256,2,False,97.23653000037302,116.63292591741492,5.247856181190778,2.7815075838441,3.0646114299988687,2,97.54180908203125,1.3888888888888888,
disk_4001_r1900,4,256,4,False,56.153845998778706,201.96267590018064,9.087237319614728,4.816484798362773,6.7334490166929415,4,95.04805065336681,2.7777777777777777,
disk_4001_r1900,4,256,8,False,36.150884996459354,313.7124029221067,14.115375738380337,7.481535947161776,14.390845307490371,8,89.83003525506882,5.555555555555555,
disk_4001_r1900,4,256,16,False,27.715154999896185,409.19781975033084,18.41170742151402,9.758709472262918,29.812094956808345,16,78.43959445045108,11.11111111111111,
disk_4001_r1900,4,256,32,False,24.742781999520957,458.3551275769867,20.623522650358378,10.931032154264559,60.373572386822595,24,51.502868107386995,22.22222222222222,
disk_4001_r1900,4,256,48,True,25.45722699869657,445.49160835862705,20.044733270678968,10.624257922379758,102.31056819371283,24,34.33524540492466,33.333333333333336,
disk_4001_r1900,4,256,96,,,,,,,,,,exceeds coop max (48)
disk_4001_r1900,4,256,128,,,,,,,,,,exceeds coop max (48)
disk_4001_r1900,4,256,192,,,,,,,,,,exceeds coop max (48)
disk_4001_r1900,4,512,1,False,128.45461799952318,88.28784185899877,3.9724794090461906,2.105522945260916,0.0,1,97.54180908203125,1.3888888888888888,
disk_4001_r1900,4,512,2,False,74.24899900070159,152.74254404282055,6.872595346304645,3.642663864332585,5.992118318512305,2,95.04805065336681,2.7777777777777777,
disk_4001_r1900,4,512,4,False,47.12323100102367,240.6664559939372,10.828699861198292,5.739507666968901,14.055650581510342,4,89.83003525506882,5.555555555555555,
disk_4001_r1900,4,512,8,False,32.84551699834992,345.282462765611,15.535859125786798,8.23443106821273,29.647736429826043,8,78.43959445045108,11.11111111111111,
disk_4001_r1900,4,512,16,False,27.167700998688815,417.4435297468617,18.78272015083748,9.955356385723444,60.28757244346014,16,51.502868107386995,22.22222222222222,
disk_4001_r1900,4,512,32,,,,,,,,,,exceeds coop max (24)
disk_4001_r1900,4,512,48,,,,,,,,,,exceeds coop max (24)
disk_4001_r1900,4,512,96,,,,,,,,,,exceeds coop max (24)
disk_4001_r1900,4,512,128,,,,,,,,,,exceeds coop max (24)
disk_4001_r1900,4,512,192,,,,,,,,,,exceeds coop max (24)
disk_4001_r1900,4,512,24,True,27.211806998820975,416.76692034789824,18.752276356440035,9.9392203404368,102.23447112734618,24,34.33524540492466,33.333333333333336,
serpentine_256,4,32,1,False,113.75680600031046,0.28917830199900496,0.010699491685769362,0.005671023793279992,0.0,1,3.125,0.08680555555555555,
serpentine_256,4,32,2,False,117.55275800169329,0.27984030795369474,0.010353989312462305,0.005487898067572385,100.0,2,1.5625,0.1736111111111111,
serpentine_256,4,32,4,False,124.31251999805681,0.26462338628896115,0.009790968761787032,0.005189481747175432,173.20508075688772,4,0.78125,0.3472222222222222,
serpentine_256,4,32,8,False,119.32400300065638,0.2756863595987393,0.010200294738631125,0.005406435731725729,264.5751311064591,8,0.390625,0.6944444444444444,
serpentine_256,4,32,16,False,118.2563399997889,0.27817536040823454,0.01029238686062982,0.005455247079999671,387.2983346207417,16,0.1953125,1.3888888888888888,
serpentine_256,4,32,32,False,120.33913299819687,0.2733607861417192,0.010114249369058005,0.005360829327937431,556.7764362830022,24,0.09765625,2.7777777777777777,
serpentine_256,4,32,48,False,121.27925800086814,0.2712417650161128,0.010035846360399793,0.005319273584858828,685.5654600401044,24,0.06510416666666667,4.166666666666667,
serpentine_256,4,32,96,False,118.83632299941382,0.276817720118808,0.010242154665169199,0.005428622639884935,974.6794344808962,24,0.032552083333333336,8.333333333333334,
serpentine_256,4,32,128,False,124.65650100057246,0.26389317633621795,0.009763951259905895,0.005175161730813655,1126.9427669584645,24,0.0244140625,11.11111111111111,
serpentine_256,4,32,192,False,131.42282999979216,0.25030658676313716,0.009261252401899463,0.004908717560535843,1382.0274961085258,24,0.016276041666666668,16.666666666666668,
serpentine_256,4,32,384,True,174.14145399743575,0.18890390108080984,0.0069893754304929745,0.0037045605090950725,1957.0385790780917,24,0.008138020833333334,33.333333333333336,
serpentine_256,4,64,1,False,118.52171799910138,0.27755250729869957,0.010269341522785117,0.005443032419427027,0.0,1,1.5625,0.1736111111111111,
serpentine_256,4,64,2,False,118.74929199984763,0.2770205989947478,0.010249661109571599,0.005432601261118462,100.0,2,0.78125,0.3472222222222222,
serpentine_256,4,64,4,False,121.81675000101677,0.2700449650784923,0.009991565199283686,0.0052958033560238,173.20508075688772,4,0.390625,0.6944444444444444,
serpentine_256,4,64,8,False,117.80650000218884,0.2792375632871598,0.010331687979673324,0.00547607775006736,264.5751311064591,8,0.1953125,1.3888888888888888,
serpentine_256,4,64,16,False,119.76783600039198,0.27466472718011153,0.010162494711819094,0.005386400681675382,387.2983346207417,16,0.09765625,2.7777777777777777,
serpentine_256,4,64,32,False,124.04082099965308,0.26520301732033846,0.009812414898506712,0.005200848787328657,556.7764362830022,24,0.048828125,5.555555555555555,
serpentine_256,4,64,48,False,117.60326900184737,0.2797201155988551,0.010349542239177726,0.005485540996867723,685.5654600401044,24,0.032552083333333336,8.333333333333334,
serpentine_256,4,64,96,False,123.74277800336131,0.26584177703773887,0.00983604877503993,0.005213375389534029,974.6794344808962,24,0.016276041666666668,16.666666666666668,
serpentine_256,4,64,128,False,134.91881899972213,0.24382069339094756,0.009021276713091499,0.004781523869376781,1126.9427669584645,24,0.01220703125,22.22222222222222,
serpentine_256,4,64,192,True,150.34340800048085,0.21880573573199025,0.008095732404816227,0.0042909600231573405,1382.0274961085258,24,0.008138020833333334,33.333333333333336,
serpentine_256,4,128,1,False,115.42392000046675,0.28500158372603335,0.010544954633277731,0.0055891149206567245,0.0,1,0.78125,0.3472222222222222,
serpentine_256,4,128,2,False,117.03854000006686,0.28106980828692163,0.010399480376287202,0.005512009577998224,100.0,2,0.390625,0.6944444444444444,
serpentine_256,4,128,4,False,122.43259299793863,0.26868662334509136,0.009941307050651885,0.00526916516001714,173.20508075688772,4,0.1953125,1.3888888888888888,
serpentine_256,4,128,8,False,120.11702300151228,0.27386626123414526,0.010132951763087537,0.005370742109277672,264.5751311064591,8,0.09765625,2.7777777777777777,
serpentine_256,4,128,16,False,122.99166700177011,0.26746527469642767,0.009896117596182209,0.005245213510814616,387.2983346207417,16,0.048828125,5.555555555555555,
serpentine_256,4,128,32,False,121.25596899932134,0.2712938610072393,0.010037773893067583,0.005320295229993233,556.7764362830022,24,0.0244140625,11.11111111111111,
serpentine_256,4,128,48,False,126.40727100006188,0.26023819468410087,0.00962871827206367,0.005103484541446835,685.5654600401044,24,0.016276041666666668,16.666666666666668,
serpentine_256,4,128,96,True,142.87344699914684,0.2302457222873361,0.008519007734217177,0.0045153075468190315,974.6794344808962,24,0.008138020833333334,33.333333333333336,
serpentine_256,4,128,128,,,,,,,,,,exceeds coop max (96)
serpentine_256,4,128,192,,,,,,,,,,exceeds coop max (96)
serpentine_256,4,256,1,False,119.5009229995776,0.2752782085215884,0.01018519329766434,0.005398431554186214,0.0,1,0.390625,0.6944444444444444,
serpentine_256,4,256,2,False,119.46891399929882,0.27535196310726545,0.01018792219042975,0.005399877942132151,100.0,2,0.1953125,1.3888888888888888,
serpentine_256,4,256,4,False,120.67322900111321,0.2726039592401769,0.010086247049780792,0.0053459873313686295,173.20508075688772,4,0.09765625,2.7777777777777777,
serpentine_256,4,256,8,False,122.23883999831742,0.2691125013985146,0.009957064383274199,0.005277516978107585,264.5751311064591,8,0.048828125,5.555555555555555,
serpentine_256,4,256,16,False,127.89748199793394,0.2572060019174686,0.009516528245799724,0.005044020753166337,387.2983346207417,16,0.0244140625,11.11111111111111,
serpentine_256,4,256,32,False,136.8916530009301,0.2403068359454794,0.00889126526941515,0.004712614241504656,556.7764362830022,24,0.01220703125,22.22222222222222,
serpentine_256,4,256,48,True,146.70370100066066,0.22423428840320708,0.008296586873391278,0.004397418395548123,685.5654600401044,24,0.008138020833333334,33.333333333333336,
serpentine_256,4,256,96,,,,,,,,,,exceeds coop max (48)
serpentine_256,4,256,128,,,,,,,,,,exceeds coop max (48)
serpentine_256,4,256,192,,,,,,,,,,exceeds coop max (48)
serpentine_256,4,512,1,False,131.64780700026313,0.24987883011172568,0.009245425561836874,0.0049003289015973304,0.0,1,0.1953125,1.3888888888888888,
serpentine_256,4,512,2,False,135.18739299979643,0.24333629985785388,0.009003354329067008,0.004772024514713944,100.0,2,0.09765625,2.7777777777777777,
serpentine_256,4,512,4,False,134.40338500004145,0.24475574034083927,0.009055873109145463,0.0047998609073357625,173.20508075688772,4,0.048828125,5.555555555555555,
serpentine_256,4,512,8,False,136.93417100148508,0.24023222077740725,0.00888850453541505,0.004711150976831782,264.5751311064591,8,0.0244140625,11.11111111111111,
serpentine_256,4,512,16,False,149.35073599917814,0.2202600461251227,0.008149541358850067,0.004319480243330349,387.2983346207417,16,0.01220703125,22.22222222222222,
serpentine_256,4,512,32,,,,,,,,,,exceeds coop max (24)
serpentine_256,4,512,48,,,,,,,,,,exceeds coop max (24)
serpentine_256,4,512,96,,,,,,,,,,exceeds coop max (24)
serpentine_256,4,512,128,,,,,,,,,,exceeds coop max (24)
serpentine_256,4,512,192,,,,,,,,,,exceeds coop max (24)
serpentine_256,4,512,24,True,146.4854869991541,0.2245683219129412,0.008308945991400696,0.004403969066771933,479.58315233127195,24,0.008138020833333334,33.333333333333336,
sq_4000_corner,8,32,1,False,1976.491174998955,8.095153776747047,0.5281045648992345,0.27990989112750403,0.0,1,99.8,0.08680555555555555,
sq_4000_corner,8,32,2,False,978.6929769979906,16.34833433573607,1.086644131504975,0.5759511671745059,0.4,2,99.6,0.1736111111111111,
sq_4000_corner,8,32,4,False,517.3172809991229,30.928794741011423,2.087180358472948,1.106262785316201,0.8944329153156205,4,99.2,0.3472222222222222,
sq_4000_corner,8,32,8,False,266.85038800133043,59.95869115963298,4.015963207048651,2.128570549795449,1.827466180261621,8,98.4,0.6944444444444444,
sq_4000_corner,8,32,16,False,142.40275300107896,112.3573783708997,7.571487862961685,4.01309605002033,3.7020833053836055,16,96.8,1.3888888888888888,
sq_4000_corner,8,32,32,False,79.7704930009786,200.5754182790837,13.411990671624343,7.108722586811541,7.477421587686494,24,93.6,2.7777777777777777,
sq_4000_corner,8,32,48,False,61.77895700238878,258.9878621515306,17.262474469401674,9.149584515035395,10.881628113476404,24,90.4,4.166666666666667,
sq_4000_corner,8,32,96,False,46.5721710024809,343.552805368418,22.69264973590563,12.027726210213515,22.680771993915908,24,80.8,8.333333333333334,
sq_4000_corner,8,32,128,False,41.15712400016491,388.75408300968473,25.66444020713808,13.602856596399722,30.17359328684603,24,74.4,11.11111111111111,
sq_4000_corner,8,32,192,False,39.94830000010552,400.5176690862374,26.195475552081966,13.884319881263508,42.01838543114192,24,61.6,16.666666666666668,
sq_4000_corner,8,32,384,True,46.876710999640636,341.3208746689301,22.206971901419884,11.770303648831403,102.37147102586738,24,32.552083333333336,33.333333333333336,
sq_4000_corner,8,64,1,False,910.330796999915,17.576028464300645,1.153106391060719,0.6111779860146079,0.0,1,99.6,0.1736111111111111,
sq_4000_corner,8,64,2,False,517.5655540006119,30.913958389087625,2.077925804155677,1.1013576179240672,0.8,2,99.2,0.3472222222222222,
sq_4000_corner,8,64,4,False,259.9230669984536,61.55667592247668,4.136355454771532,2.192381740215924,1.7831438304298395,4,98.4,0.6944444444444444,
sq_4000_corner,8,64,8,False,138.63763699919218,115.408776046098,7.731535672425272,4.097925774850859,3.680389544599865,8,96.8,1.3888888888888888,
sq_4000_corner,8,64,16,False,77.88738599992939,205.42479112104886,13.724707772333879,7.274471219622576,7.4666883047305515,16,93.6,2.7777777777777777,
sq_4000_corner,8,64,32,False,52.42427000121097,305.2021515918183,20.3020786360099,10.760658018079921,15.035395380235267,24,87.2,5.555555555555555,
sq_4000_corner,8,64,48,False,43.889655000384664,364.5505985376228,24.096428463398286,12.77176740374978,22.67712009934242,24,80.8,8.333333333333334,
sq_4000_corner,8,64,96,False,38.72374899947317,413.1831347274169,27.025715201651522,14.324369646720646,42.016244690833574,24,61.6,16.666666666666668,
sq_4000_corner,8,64,128,False,37.246771000354784,429.567438204176,28.008276045997736,14.845153819490623,60.441003300739474,24,48.828125,22.22222222222222,
sq_4000_corner,8,64,192,True,40.06796099929488,399.32154272291444,26.041417880444733,13.802665093629619,102.37027068441307,24,32.552083333333336,33.333333333333336,
sq_4000_corner,8,128,1,False,505.5717020004522,31.647340894854295,2.099257865502628,1.1126641950037208,0.0,1,99.2,0.3472222222222222,
sq_4000_corner,8,128,2,False,270.06992300084676,59.243916620622116,3.9657297343571356,2.101945432713339,1.5936,2,98.4,0.6944444444444444,
sq_4000_corner,8,128,4,False,144.90108199970564,110.42015545496412,7.383952619499236,3.913697231928008,3.5923274683692186,4,96.8,1.3888888888888888,
sq_4000_corner,8,128,8,False,81.10343299995293,197.27894872229743,13.179554705170377,6.985525155112271,7.4236220593454245,8,93.6,2.7777777777777777,
sq_4000_corner,8,128,16,False,52.061428999877535,307.3292513741342,20.451980371159323,10.840110045489503,15.014000335686688,16,87.2,5.555555555555555,
sq_4000_corner,8,128,32,False,40.212370000517694,397.88751570210894,26.258616539796236,13.917786335014304,30.160200147877003,24,74.4,11.11111111111111,
sq_4000_corner,8,128,48,False,37.14477199901012,430.747024114898,28.169605456937106,14.93066282822324,42.00770404009246,24,61.6,16.666666666666668,
sq_4000_corner,8,128,96,True,40.05052000138676,399.4954372489045,26.039108105559926,13.801440849645553,102.3654883843183,24,32.552083333333336,33.333333333333336,
sq_4000_corner,8,128,128,,,,,,,,,,exceeds coop max (96)
sq_4000_corner,8,128,192,,,,,,,,,,exceeds coop max (96)
sq_4000_corner,8,256,1,False,288.52918000120553,55.4536632999586,3.6797015400506945,1.9503426516561657,0.0,1,98.4,0.6944444444444444,
sq_4000_corner,8,256,2,False,158.5242829969502,100.93090911698252,6.7242846575152635,3.564055135093515,3.2192,2,96.8,1.3888888888888888,
sq_4000_corner,8,256,4,False,92.28364199952921,173.37850623712518,11.53321915931135,6.112922201019896,7.250143612370723,4,93.6,2.7777777777777777,
sq_4000_corner,8,256,8,False,58.44527600129368,273.7603634491493,18.154855492110492,9.62257091112598,14.928717153191696,8,87.2,5.555555555555555,
sq_4000_corner,8,256,16,False,43.78238799836254,365.4437487648778,24.099425093931874,12.77335570004971,30.11756972931249,16,74.4,11.11111111111111,
sq_4000_corner,8,256,32,False,38.31163300128537,417.6277215712312,27.252436980824346,14.444538402574153,60.414074206595274,24,48.828125,22.22222222222222,
sq_4000_corner,8,256,48,True,42.21169900120003,379.04183860368045,24.73000548900728,13.107580589331578,102.34642418453124,24,32.552083333333336,33.333333333333336,
sq_4000_corner,8,256,96,,,,,,,,,,exceeds coop max (48)
sq_4000_corner,8,256,128,,,,,,,,,,exceeds coop max (48)
sq_4000_corner,8,256,192,,,,,,,,,,exceeds coop max (48)
sq_4000_corner,8,512,1,False,204.69718399908743,78.16424089190856,5.1802647759176175,2.745682286831613,0.0,1,96.8,1.3888888888888888,
sq_4000_corner,8,512,2,False,120.7613999977184,132.4926673614441,8.78970164324076,4.658782736468503,6.496,2,93.6,2.7777777777777777,
sq_4000_corner,8,512,4,False,74.85349099806626,213.75088571905533,14.097680334338197,7.472156898109553,14.577153148677557,4,87.2,5.555555555555555,
sq_4000_corner,8,512,8,False,51.075041003059596,313.26455516778805,20.580674383345702,10.908321398570166,29.944641147290444,8,74.4,11.11111111111111,
sq_4000_corner,8,512,16,False,43.43003100075293,368.40867094298443,23.990864661872713,12.715815696160078,60.32783227665321,16,48.828125,22.22222222222222,
sq_4000_corner,8,512,32,,,,,,,,,,exceeds coop max (24)
sq_4000_corner,8,512,48,,,,,,,,,,exceeds coop max (24)
sq_4000_corner,8,512,96,,,,,,,,,,exceeds coop max (24)
sq_4000_corner,8,512,128,,,,,,,,,,exceeds coop max (24)
sq_4000_corner,8,512,192,,,,,,,,,,exceeds coop max (24)
sq_4000_corner,8,512,24,True,43.76643899740884,365.57692073022594,23.805464914833117,12.617548749691204,102.27008859290189,24,32.552083333333336,33.333333333333336,
disk_4001_r1900,8,32,1,False,1744.2534679976234,6.501911108721644,0.42546253203207685,0.22550680099244005,0.0,1,99.8241057338243,0.08680555555555555,
disk_4001_r1900,8,32,2,False,870.8849750000809,13.022363831686206,0.8769356768382978,0.46479993952801324,0.2673930941247499,2,99.71478826933193,0.1736111111111111,
disk_4001_r1900,8,32,4,False,416.18421800012584,27.249906434454395,1.8470785189643293,0.9790022308288633,0.5993851410114045,4,99.50231785902157,0.3472222222222222,
disk_4001_r1900,8,32,8,False,211.21087199935573,53.69506262932617,3.6547881919750544,1.9371378944717537,1.2284814888403635,8,99.08045929773803,0.6944444444444444,
disk_4001_r1900,8,32,16,False,109.13305199937895,103.91884761057116,7.0481525707205295,3.7357140040947234,2.471513751683518,16,98.23622846528143,1.3888888888888888,
disk_4001_r1900,8,32,32,False,60.47712500003399,187.5251345032295,12.68245038102537,6.722046241088891,4.950337791851874,24,96.50004315163072,2.7777777777777777,
disk_4001_r1900,8,32,48,False,44.668202001048485,253.8938325687207,17.08978447312658,9.05805408475897,7.42872848323849,24,94.72348024066281,4.166666666666667,
disk_4001_r1900,8,32,96,False,30.697270998643944,369.44590287849985,24.624027101086334,13.051409139591353,14.927700759366354,24,89.16128641175698,8.333333333333334,
disk_4001_r1900,8,32,128,False,27.410858998337062,413.74044500714206,27.497678677115772,14.574523222004668,20.56370525650817,24,85.25617941626118,11.11111111111111,
disk_4001_r1900,8,32,192,False,25.43984099975205,445.796064531635,29.272616641246227,15.515288981892818,32.11838668389358,24,76.95385275567683,16.666666666666668,
disk_4001_r1900,8,32,384,True,26.93680599986692,421.0217425204766,27.387398825370937,14.516071878564105,66.90350143114931,24,48.54978413910442,33.333333333333336,
disk_4001_r1900,8,64,1,False,843.0594299970835,13.452172642252792,0.8922513291887408,0.4729176549709336,0.0,1,99.71478826933193,0.1736111111111111,
disk_4001_r1900,8,64,2,False,426.51527099951636,26.58985919407528,1.7925519599997322,0.9501016603779148,0.5364350755900217,2,99.50231785902157,0.3472222222222222,
disk_4001_r1900,8,64,4,False,213.09031800046796,53.2214748488718,3.6134623863966877,1.91523408505779,1.1990272867601361,4,99.08045929773803,0.6944444444444444,
disk_4001_r1900,8,64,8,False,112.03370799921686,101.22829282843406,6.861774074329253,3.6369282936486407,2.457004970311242,8,98.23622846528143,1.3888888888888888,
disk_4001_r1900,8,64,16,False,61.80297300306847,183.50219170584123,12.421490353900692,6.583730275584906,4.94309214349035,16,96.50004315163072,2.7777777777777777,
disk_4001_r1900,8,64,32,False,38.06508499837946,297.9365736470263,20.044804025328812,10.624295424283076,9.656909399922801,24,92.90836340248553,5.555555555555555,
disk_4001_r1900,8,64,48,False,30.41100700284005,372.92356017480375,24.909354462654136,13.20264046009202,14.925251787536762,24,89.16128641175698,8.333333333333334,
disk_4001_r1900,8,64,96,False,24.955027001851704,454.4567713414408,29.83277817911231,15.81218994715493,32.11719236982277,24,76.95385275567683,16.666666666666668,
disk_4001_r1900,8,64,128,False,25.077229001908563,452.24219147725086,29.5895040454241,15.683247989821542,37.186225232098394,24,67.93849890888019,22.22222222222222,
disk_4001_r1900,8,64,192,True,24.002479996852344,472.49205088337715,30.766046887523327,16.306847937119244,66.90286841015545,24,48.54978413910442,33.333333333333336,
disk_4001_r1900,8,128,1,False,414.1979039995931,27.38058519970478,1.822277866960769,0.9658572056508813,0.0,1,99.50231785902157,0.3472222222222222,
disk_4001_r1900,8,128,2,False,213.76543599762954,53.05338979181724,3.5797828092680324,1.8973829862529519,1.0723322788390175,2,99.08045929773803,0.6944444444444444,
disk_4001_r1900,8,128,4,False,109.5871849975083,103.48820439413478,7.0017914687510805,3.7111413496104815,2.3977232528472547,4,98.23622846528143,1.3888888888888888,
disk_4001_r1900,8,128,8,False,61.11261299884063,185.57512833259398,12.542834013897291,6.648045740582148,4.91382413425591,8,96.50004315163072,2.7777777777777777,
disk_4001_r1900,8,128,16,False,37.24629600037588,304.48614272639486,20.494749464276833,10.862778836849843,9.641882519851544,16,92.90836340248553,5.555555555555555,
disk_4001_r1900,8,128,32,False,27.39467900028103,413.98481069567043,27.536087317988343,14.594880854185046,20.554621442642674,24,85.25617941626118,11.11111111111111,
disk_4001_r1900,8,128,48,False,24.08983600253123,470.778671918246,30.915127231324725,16.385864604605658,32.11238389567116,24,76.95385275567683,16.666666666666668,
disk_4001_r1900,8,128,96,True,23.79840499997954,476.54374316302926,31.048926556239177,16.45678191333387,66.90031840544255,24,48.54978413910442,33.333333333333336,
disk_4001_r1900,8,128,128,,,,,,,,,,exceeds coop max (96)
disk_4001_r1900,8,128,192,,,,,,,,,,exceeds coop max (96)
disk_4001_r1900,8,256,1,False,223.52320899881306,50.73737555396416,3.3906244116423028,1.7971238519745467,0.0,1,99.08045929773803,0.6944444444444444,
disk_4001_r1900,8,256,2,False,119.2918019987701,95.06924038348357,6.39551925796096,3.389800464120742,2.1445499291463412,2,98.23622846528143,1.3888888888888888,
disk_4001_r1900,8,256,4,False,65.89869099843781,172.09721207161533,11.582408291207088,6.138993788862012,4.795081475299807,4,96.50004315163072,2.7777777777777777,
disk_4001_r1900,8,256,8,False,39.11616700133891,289.930784875006,19.459414849464817,10.314023119565212,9.581569665431383,8,92.90836340248553,5.555555555555555,
disk_4001_r1900,8,256,16,False,27.75535999899148,408.60507665589944,27.18741522456992,14.410075089958085,20.525521353964525,16,85.25617941626118,11.11111111111111,
disk_4001_r1900,8,256,32,False,24.629147999803536,460.4698871471504,30.194902763422114,16.004125900195007,37.16405280434223,24,67.93849890888019,22.22222222222222,
disk_4001_r1900,8,256,48,True,22.523669998918194,503.51390339783455,32.863675281850256,17.418648467747193,66.89012145964266,24,48.54978413910442,33.333333333333336,
disk_4001_r1900,8,256,96,,,,,,,,,,exceeds coop max (48)
disk_4001_r1900,8,256,128,,,,,,,,,,exceeds coop max (48)
disk_4001_r1900,8,256,192,,,,,,,,,,exceeds coop max (48)
disk_4001_r1900,8,512,1,False,141.31208400067408,80.25485633589483,5.362333776044131,2.8421838461635796,0.0,1,98.23622846528143,1.3888888888888888,
disk_4001_r1900,8,512,2,False,80.06926000234671,141.6396379792646,9.484947119253276,5.027281890674233,4.2874333357934375,2,96.50004315163072,2.7777777777777777,
disk_4001_r1900,8,512,4,False,48.49051300334395,233.88040871454413,15.611972942991846,8.274773477090086,9.336479520032054,4,92.90836340248553,5.555555555555555,
disk_4001_r1900,8,512,8,False,32.18153700072435,352.4064434754852,23.283439351673437,12.340860896069488,20.408715419208637,8,85.25617941626118,11.11111111111111,
disk_4001_r1900,8,512,16,False,27.114860000438057,418.2570369095315,27.396270863578085,14.520774301935726,37.09306238971519,16,67.93849890888019,22.22222222222222,
disk_4001_r1900,8,512,32,,,,,,,,,,exceeds coop max (24)
disk_4001_r1900,8,512,48,,,,,,,,,,exceeds coop max (24)
disk_4001_r1900,8,512,96,,,,,,,,,,exceeds coop max (24)
disk_4001_r1900,8,512,128,,,,,,,,,,exceeds coop max (24)
disk_4001_r1900,8,512,192,,,,,,,,,,exceeds coop max (24)
disk_4001_r1900,8,512,24,True,24.208685998019064,468.4674335867715,30.544006934556702,16.189160677451827,66.84933066612041,24,48.54978413910442,33.333333333333336,
