row,kind,width,height,red_px,n_runs,n_blobs,ch06_rgb_ms,ch06_mask_ms,ch06_label_ms,sm_mhz,crosscheck
sq_256,one,256,256,16384,128,1,0.461,0.349,0.2765,900,OK
sq_1024,one,1024,1024,262144,512,1,0.458,0.390,0.2570,1410,OK
sq_4000,one,4000,4000,4000000,2000,1,0.794,0.663,0.2868,2070,OK
disk_256,one,256,256,45225,241,1,0.425,0.380,0.2611,900,OK
disk_1024,one,1024,1024,723749,961,1,0.503,0.456,0.2777,2070,OK
disk_4000,one,4000,4000,11340981,3801,1,1.168,0.982,0.4260,2070,OK
serp_128,one,128,128,8256,128,1,0.499,0.387,0.3154,1470,OK
serp_256,one,256,256,32896,256,1,0.422,0.382,0.3000,780,OK
comb_24,one,96,64,1818,1542,1,0.461,0.368,0.2662,990,OK
comb_2000,one,3000,4001,4831992,4800008,1,7.790,7.323,2.5711,2070,OK
two_sq_300,two,700,400,180000,600,2,0.866,0.750,0.5428,1215,OK
two_sq_2800,two,6000,3200,15680000,5600,2,1.217,1.012,0.2212,2070,OK
asym_4000_800,two,5200,4400,16640000,4800,2,1.240,0.951,0.3388,2070,OK
random_1000,n,1000,1000,299991,210151,47655,0.652,0.589,0.3729,2070,OK
random_4000,n,4000,4000,4802736,3361514,755577,7.027,7.008,3.1395,2070,OK
png_blobs,n,9000,9000,13451960,539207,2522,3.059,1.551,0.8845,1920,OK
png_blocks,n,1000,1000,387587,61479,21618,0.482,0.490,0.3195,2070,OK
